{"cameraMode":{"drawMode":0,"name":"Shaded","section":"Shading Mode"},"sceneLighting":false,"audioPlay":false,"sceneViewState":{"showFog":true,"showMaterialUpdate":false,"showSkybox":true,"showFlares":true,"showImageEffects":true,"showParticleSystems":true},"in2DMode":false,"pivot":{"x":308.7121887207031,"y":38.08751678466797,"z":281.8388671875},"rotation":{"x":-0.014675699174404145,"y":-0.9263362288475037,"z":0.3746587634086609,"w":-0.036287907510995868},"size":123.11353302001953,"orthographic":false}