{"cameraMode":{"drawMode":0,"name":"Shaded","section":"Shading Mode"},"sceneLighting":false,"audioPlay":false,"sceneViewState":{"showFog":true,"showMaterialUpdate":false,"showSkybox":true,"showFlares":true,"showImageEffects":true,"showParticleSystems":true},"in2DMode":false,"pivot":{"x":11.458340644836426,"y":1.4019999504089356,"z":7.296537399291992},"rotation":{"x":-0.11705408245325089,"y":0.5234068632125855,"z":-0.07286286354064942,"w":-0.8408535718917847},"size":5.325714588165283,"orthographic":false}