{"cameraMode":{"drawMode":0,"name":"Shaded","section":"Shading Mode"},"sceneLighting":false,"audioPlay":false,"sceneViewState":{"showFog":true,"showMaterialUpdate":false,"showSkybox":true,"showFlares":true,"showImageEffects":true,"showParticleSystems":true},"in2DMode":false,"pivot":{"x":10.956148147583008,"y":0.5219850540161133,"z":6.21847677230835},"rotation":{"x":0.02807694487273693,"y":-0.6991748213768005,"z":0.02749977633357048,"w":0.7138698697090149},"size":0.8083319067955017,"orthographic":false}