{"cameraMode":{"drawMode":0,"name":"Shaded","section":"Shading Mode"},"sceneLighting":false,"audioPlay":false,"sceneViewState":{"showFog":true,"showMaterialUpdate":false,"showSkybox":true,"showFlares":true,"showImageEffects":true,"showParticleSystems":true},"in2DMode":false,"pivot":{"x":11.458340644836426,"y":1.4019999504089356,"z":7.296537399291992},"rotation":{"x":0.02807694487273693,"y":-0.6991748213768005,"z":0.02749977633357048,"w":0.7138698697090149},"size":5.325714588165283,"orthographic":false}