{"cameraMode":{"drawMode":0,"name":"Shaded","section":"Shading Mode"},"sceneLighting":false,"audioPlay":false,"sceneViewState":{"showFog":true,"showMaterialUpdate":false,"showSkybox":true,"showFlares":true,"showImageEffects":true,"showParticleSystems":true},"in2DMode":false,"pivot":{"x":19.774337768554689,"y":5.263973236083984,"z":15.948506355285645},"rotation":{"x":0.24645927548408509,"y":-0.5575151443481445,"z":0.17786510288715363,"w":0.7725275754928589},"size":33.66123580932617,"orthographic":false}